Nombre,Apellido1,Apellido2,Login
Adrian,Gil,Ramirez,agilram
Alberto,Cano,Morales,acanmor
Alejandro,Hernandez,Gonzalez,ahergon
Alvaro,Ortiz,Navarro,aortnav
Ana,Romero,Gomez,aromgom
Angel,Muñoz,Jimenez,amuñjim
Antonia,Mas,Alonso,amasalo
Beatriz,Ortega,Varela,bortvar
Carlos,Ruiz,Lopez,cruilop
Concepcion,Ferrer,Feijoo,cferfei
Cristina,Cortes,Iglesias,ccorigl
Daniel,Navarro,Fernandez,dnavfer
Diego,Corcoles,Delgado,dcordel
Dolores,Valero,Novoa,dvalnov
Elena,Verdu,Diaz,everdia
Encarnacion,Ramirez,Ferreiro,eramfer
Enrique,Rodenas,Camacho,erodcam
Fernando,Lozano,Diaz,flozdia
Francisca,Soler,Dominguez,fsoldom
Francisco Javier,Perez,Garcia,fpergar
Ivan,Cebrian,Mora,icebmor
Jesus,Rodriguez,Sanchez,jrodsan
Jorge,Ortega,Serrano,jortser
Jose Manuel,Serrano,Ruiz,jserrui
Jose Maria,Molina,Martinez,jmolmar
Juan Antonio,Garrido,Rubio,jgarrub
Juan Carlos,Morcillo,Molina,jmormol
Juan Jose,Cuenca,Torres,jcuetor
Juana,Miralles,Losada,jmirlos
Laura,Serrano,Martinez,lsermar
Lucia,Marin,Salgado,lmarsal
Luis,Castillo,Perez,lcasper
Manuela,Alvarez,Nuñez,malvnuñ
Maria Angeles,Rico,Blanco,mricbla
Maria Dolores,Gil,Leon,mgilleo
Maria Isabel,Gimenez,Conde,mgimcon
Maria Jesus,Gutierrez,Dieguez,mgutdie
Maria Jose,Pascual,Estevez,mpasest
Maria Luisa,Mira,Lorenzo,mmirlor
Maria teresa,Martin,Garcia,mmargar
Marta,Juan,Cid,mjuacid
Mercedes,Vidal,Prieto,mvidpri
Miguel,Diaz,Rodriguez,mdiarod
Miguel Angel,Alfaro,Moreno,malfmor
Nuria,Alonso,Carballo,nalocar
Pablo,Rubio,Martin,prubmar
Paula,Bernabeu,Pereira,pberper
Pedro,Saez,Gomez,psaegom
Pilar,Rubio,Castro,prubcas
Rafael,Romero,Muñoz,rrommuñ
Ramon,Calero,Lara,rcallar
Raquel,Ortiz,Suarez,rortsua
Raul,Torres,Castellanos,rtorcas
Rosa maria,Anton,Otero,rantote
Rosario,Amoros,Arias,ramoari
Ruben,Nuñez,Ortiz,rnuñort
Sara,Sempere,Sanchez,ssemsan
Sergio,Picazo,Romero,spicrom
Silvia,Soriano,Gil,ssorgil
Teresa,Saez,Mendez,tsaemen
Vicente,Marin,Gallego,vmargal
